colony_id,direction,filename,image_path,area,perimeter,ellipticity,major_axis,minor_axis,center_x,center_y,ellipse_angle,centroid_x,centroid_y,max_radius,max_radius_angle,min_radius,min_radius_angle,mean_radius,std_radius,radius_ratio
1,down,1.bmp,./image\down\1.bmp,68361.0,2828.1504868268967,1.8728719351760275,429.7528076171875,229.46192932128906,1981.7353515625,1515.6312255859375,110.35106658935547,1987,1515,239.7269279826528,207.313274418297,69.2314957226839,169.1769887737929,164.18374937399855,41.70874291576859,3.462685956445479
10,down,10.bmp,./image\down\10.bmp,68967.0,3956.4734234809875,1.3762379778872895,356.97625732421875,259.38555908203125,1998.7130126953125,1517.3797607421875,103.62662506103516,2000,1517,196.1555505204989,171.49812058851856,99.98499887483122,120.66892664971493,151.26597523338535,22.89978192654687,1.961849804749823
11,down,11.bmp,./image\down\11.bmp,417121.0,5521.330411434174,1.0953819234210684,776.4786987304688,708.86572265625,1884.302490234375,1412.5517578125,70.74723052978516,1885,1407,424.35480437954277,209.04148993599347,280.9199174141983,244.71203173817696,364.61180366787653,28.452160616330243,1.5105899513485153
12,down,12.bmp,./image\down\12.bmp,323810.5,3163.2703244686127,1.1945009534507254,706.0487060546875,591.0825805664062,2175.249755859375,1539.8636474609375,157.8636932373047,2176,1541,382.6878623630491,82.03928600530382,244.1741182025646,11.816147072839275,315.57749825515526,29.244346745556424,1.567274472741516
13,down,13.bmp,./image\down\13.bmp,402340.0,6507.427952170372,1.162949548669482,782.2694702148438,672.6598510742188,2110.340576171875,1528.1376953125,9.698535919189453,2108,1533,453.948234934337,305.40562629323256,286.04370295463593,299.0740593715087,366.8429973556548,36.15308554120004,1.5869890867911511
14,down,14.bmp,./image\down\14.bmp,314539.5,12889.677191376686,1.5680902734550553,867.1822509765625,553.01806640625,2110.665283203125,1578.7720947265625,87.4004898071289,2116,1565,511.2856344549493,30.175773019282317,109.63576058932597,104.79676224505735,316.1214711741637,90.09266782605428,4.6634932954962105
15,down,15.bmp,./image\down\15.bmp,238772.0,9183.554053544998,1.354342191001837,808.339599609375,596.850341796875,2184.269287109375,1726.72021484375,176.6047821044922,2190,1817,532.7109910636348,231.17221867242694,91.4166286842826,289.82246457036524,307.53566909169587,80.51047032422893,5.827287647014537
16,down,16.bmp,./image\down\16.bmp,501403.5,9068.968267440796,1.4352664867433713,960.0047607421875,668.86865234375,1993.923828125,1327.6051025390625,172.5347137451172,1981,1332,544.6696246349708,267.1586072528263,202.42776489404807,173.1909498203866,392.169887600169,76.57712692511105,2.6906863538213455
17,down,17.bmp,./image\down\17.bmp,166326.0,6934.84930562973,1.1808278619857209,527.1135864257812,446.39324951171875,2020.4837646484375,1525.9447021484375,176.71092224121094,2019,1536,323.2893440866865,250.10774294664458,109.73149046650191,341.39993411396694,230.3492767928037,43.893555415845476,2.946185663862628
18,down,18.bmp,./image\down\18.bmp,142505.0,3240.6012785434723,1.3491915122603795,498.4173583984375,369.4192810058594,2191.7666015625,1646.781982421875,30.18645477294922,2193,1645,256.49366463910957,289.35329820399534,136.85028315644803,243.06047193619918,209.06553185314272,28.59571497840428,1.8742647711286395
19,down,19.bmp,./image\down\19.bmp,12007.0,1481.1168736219406,1.3656092365812067,172.4904327392578,126.31024169921875,2366.01513671875,1640.0634765625,32.83553695678711,2362,1639,102.88342918079665,297.81041544384635,3.1622776601683795,71.56505117707799,56.66280282224995,26.789909405640984,32.53459696999488
2,down,2.bmp,./image\down\2.bmp,82859.0,1659.2833940982819,1.1052663533656175,342.2230529785156,309.6294860839844,2262.26708984375,1542.9339599609375,115.8841552734375,2262,1542,185.64751546950473,25.18469710363354,131.48764200486676,235.22216863363613,160.28648580712726,11.757045272286724,1.4119008648937013
20,down,20.bmp,./image\down\20.bmp,209988.5,2032.947387933731,1.1292528873871965,549.5884399414062,486.6832275390625,2113.127197265625,1353.2728271484375,27.2280330657959,2112,1353,280.07141946296485,114.91802251581925,237.77720664521232,209.47588900324575,258.5042130632013,11.498999999513392,1.17787328488916
21,down,21.bmp,./image\down\21.bmp,215815.0,2797.4053194522858,1.0341490871976102,531.53173828125,513.9797973632812,2114.38525390625,1434.6217041015625,92.53763580322266,2115,1435,278.21754078418564,2.2659171353123866,216.8985938174796,21.359926772078378,260.6547452896585,10.506832572688712,1.2827079045902252
22,down,22.bmp,./image\down\22.bmp,561258.0,5425.850182533264,1.0900619356415442,882.0366821289062,809.1619873046875,2177.589111328125,1268.1436767578125,51.53205490112305,2177,1268,462.3126647627123,290.51252944604187,384.8324310657822,69.30454926593673,420.6587650808952,15.68449427352386,1.2013349900951718
23,down,23.bmp,./image\down\23.bmp,33331.5,1014.1391708850861,1.084158644315508,215.42662048339844,198.70396423339844,1918.9500732421875,1452.436279296875,86.24748992919922,1918,1452,118.59595271340417,19.198847283852007,92.91393867445294,81.95710576649469,103.59309769448481,5.242661030079041,1.276406472541591
24,down,24.bmp,./image\down\24.bmp,423861.0,9942.313500881195,2.2001026139905573,1158.3980712890625,526.52001953125,2001.601318359375,1495.3807373046875,58.806888580322266,2018,1478,541.215299118567,320.3977487764804,149.68299836654796,77.26359979520217,353.5279013968176,101.39814187116977,3.615743304347924
25,down,25.bmp,./image\down\25.bmp,294809.5,7112.488914728165,1.0429920704253066,628.2928466796875,602.3946533203125,1862.098388671875,1573.385986328125,67.02753448486328,1860,1575,352.80022675729674,325.859503235322,227.29936207565564,221.96847613954762,300.69841410945816,25.329507903551153,1.5521390976885745
26,down,26.bmp,./image\down\26.bmp,547160.0,7773.348868012428,1.2619503217106052,978.896728515625,775.7014770507812,2133.989501953125,1536.289306640625,71.351318359375,2136,1524,545.8094905734051,161.63144254888502,267.88430338487547,116.85200593731135,431.48281635255586,74.55271269540995,2.0374821655348287
3,down,3.bmp,./image\down\3.bmp,62315.5,3033.162679553032,1.2879464212502594,329.55059814453125,255.87290954589844,2112.58349609375,1423.244140625,9.58190631866455,2111,1424,197.25364381932212,105.58630449147316,97.83659846908007,139.1446237411043,138.22872531659354,22.279736567761258,2.016153943471997
4,down,4.bmp,./image\down\4.bmp,79216.5,4906.044053077698,1.2689862163781718,387.5638732910156,305.4122009277344,2066.973876953125,1495.345947265625,104.88153839111328,2076,1500,231.08656386730925,237.54782389813568,110.9414259868693,207.95096902789015,166.97457049786425,27.177593021063444,2.082960100897387
5,down,5.bmp,./image\down\5.bmp,124834.5,5069.8674274683,1.2517990714817355,467.9915466308594,373.85516357421875,1947.087890625,1638.00732421875,30.41988182067871,1945,1633,290.7593506664919,85.85822466950799,139.91783303067555,96.56629862074631,201.6143954065096,32.026899988267225,2.078072139687483
6,down,6.bmp,./image\down\6.bmp,64062.0,5847.472546219826,1.1363751382110852,340.0229797363281,299.2171936035156,2048.627197265625,1494.0194091796875,102.91475677490234,2057,1503,219.25783908448975,168.6900675259798,73.97972695272672,260.6650015368618,147.2972244825498,28.6548812794755,2.9637557222209834
7,down,7.bmp,./image\down\7.bmp,53972.5,3087.5890853405,1.1480239100156264,298.72991943359375,260.2122802734375,1993.9559326171875,1483.472900390625,126.74236297607422,1996,1480,179.49373248110922,241.00740429609982,92.84934033152847,112.14518003822329,136.55771390038578,18.188745667496637,1.9331718657365546
8,down,8.bmp,./image\down\8.bmp,100992.5,3723.8632519245148,1.1708260479804895,414.3253173828125,353.8743591308594,2107.256591796875,1513.7666015625,50.432167053222656,2102,1516,240.96887765850593,341.86581366132145,112.0044641967453,29.998681539528512,188.30029147831985,24.680960991805,2.1514220829200497
9,down,9.bmp,./image\down\9.bmp,67769.0,1562.8569874763489,1.1117949467641848,319.8201599121094,287.6611022949219,2082.2548828125,1480.1485595703125,77.31600189208984,2081,1481,182.0109886792553,179.37040139158972,110.8873302050329,230.85601358542894,148.9618287316549,15.639656506662371,1.64140473345975
1,up,1.bmp,./image\up\1.bmp,85382.5,2405.113909125328,1.7634918060884885,466.27777099609375,264.4059753417969,2005.569091796875,1583.642822265625,11.770564079284668,2003,1583,260.20376630633154,95.51340002866756,84.29116205154607,41.6335393365702,177.47908906648058,43.30614059126638,3.0869638046656744
10,up,10.bmp,./image\up\10.bmp,189953.5,3972.314043045044,1.0746086189957023,514.9351806640625,479.1839294433594,2080.268310546875,1542.8323974609375,179.6641082763672,2080,1543,291.2387336876742,293.04359780015574,153.3101431738944,344.8759926916894,235.73422494724178,32.56624308272619,1.8996703522566811
11,up,11.bmp,./image\up\11.bmp,59325.0,3876.5322980880737,1.1122998980840193,307.81915283203125,276.74114990234375,2114.01220703125,1378.4932861328125,84.96329498291016,2106,1375,197.88127753782064,11.366717172487695,86.28441342444185,147.78345394142437,137.03521624273174,20.250392544260375,2.293360639359306
12,up,12.bmp,./image\up\12.bmp,468671.5,5332.519228816032,1.1332038723747042,826.06640625,728.9653930664062,1911.397216796875,1446.4544677734375,77.65518188476562,1914,1447,449.86220112385524,136.44109929212215,326.2590994899606,61.23536908805855,382.91094299570307,23.378296762641142,1.3788495150851665
13,up,13.bmp,./image\up\13.bmp,202763.0,4317.468370556831,1.0332136009799624,535.613037109375,518.395263671875,1853.856689453125,1516.9730224609375,5.106062889099121,1845,1517,324.8045566182839,338.88649992163477,177.71043863543863,21.80140948635181,255.74334914375584,28.41106808242927,1.8277179388690794
14,up,14.bmp,./image\up\14.bmp,463798.0,8343.598648071289,1.4266766555924593,937.4107666015625,657.0590209960938,2177.9931640625,1442.4735107421875,102.13558197021484,2175,1449,543.045117830922,180.73857871321076,231.7412350014559,244.98310652189997,384.8016831378751,58.808739535444055,2.343325381119637
15,up,15.bmp,./image\up\15.bmp,272394.5,4917.558771133423,1.197812246939598,674.667236328125,563.2495727539062,2121.298583984375,1489.6761474609375,105.5013656616211,2124,1497,431.723291009415,197.38569288204192,247.72969139770066,184.3987053549955,305.24578617750234,39.08663007357042,1.7427192056536107
16,up,16.bmp,./image\up\16.bmp,198553.0,2607.238799571991,1.114697692364967,531.8064575195312,477.0858154296875,1921.8558349609375,1641.9656982421875,99.95008087158203,1921,1641,276.5248632582611,168.52752674353854,211.3764414498456,110.4925947698703,250.5083259732402,13.012222497488105,1.3082104200522915
17,up,17.bmp,./image\up\17.bmp,66177.5,3104.216502428055,1.1567437243974377,320.77105712890625,277.3052062988281,1986.2166748046875,1346.549072265625,23.083974838256836,1987,1347,181.54062906137568,274.4229114285504,113.46365056704283,55.04934858812487,145.9108035856439,15.087735389924196,1.5999893195231532
18,up,18.bmp,./image\up\18.bmp,241435.5,3846.5739285945892,1.066353815960361,578.2645263671875,542.2820434570312,1745.536376953125,1449.5279541015625,130.902099609375,1747,1452,345.15069172754096,228.8765395459972,255.5621255194126,320.07960786001456,280.0523839845797,13.874069725946285,1.3505549424667123
19,up,19.bmp,./image\up\19.bmp,34971.0,950.0386646986008,1.0664923502736265,219.1549835205078,205.4913787841797,1652.898681640625,1689.80859375,164.3727264404297,1652,1689,119.05040949110591,79.35078034075505,98.48857801796105,119.1676133795778,106.35248222532637,4.713484936008555,1.208773767343814
2,up,2.bmp,./image\up\2.bmp,124140.0,2783.121048808098,2.189123128275652,636.9213256835938,290.9481506347656,1876.6180419921875,1508.8118896484375,102.06409454345703,1883,1508,348.08045047086455,186.2674814048493,61.326992425847855,114.05734945001174,219.6699449079696,74.7129636143326,5.6758115260867905
20,up,20.bmp,./image\up\20.bmp,75568.0,1421.8031651973724,1.0750778040582596,321.53448486328125,299.0802001953125,1791.399658203125,1567.8870849609375,106.49054718017578,1791,1568,169.1685549976709,21.86430274266417,138.70832707519762,298.4126614430726,155.51485689885487,5.831370491987107,1.219599129805379
21,up,21.bmp,./image\up\21.bmp,703015.5,9643.159173488617,1.104713996682095,1008.4171752929688,912.8309936523438,2274.48291015625,1381.4671630859375,133.12606811523438,2274,1381,604.9504111908677,235.57440120538715,386.1217424595512,262.7093361795563,473.5798427054985,36.33565912459594,1.5667349042232197
3,up,3.bmp,./image\up\3.bmp,86529.0,2339.415424466133,1.5260559061557695,417.068359375,273.2982177734375,1984.5614013671875,1490.479248046875,156.7996063232422,1983,1487,224.0089283934906,246.86857918537254,85.05292469985967,177.978635059644,165.62697577049383,31.314709316377737,2.6337592644108123
4,up,4.bmp,./image\up\4.bmp,83686.5,2837.3636898994446,1.636896456852026,438.3005065917969,267.76312255859375,2042.697509765625,1536.949951171875,74.55215454101562,2041,1540,228.12715752404404,318.5541782355321,73.16419889536138,291.6559890384225,171.3302825949637,34.077149167546835,3.118016201480029
5,up,5.bmp,./image\up\5.bmp,64329.0,2145.7341853380203,1.3021816519779348,332.4801025390625,255.325439453125,1977.9573974609375,1461.0986328125,75.9539794921875,1977,1463,191.1334612253961,346.6908213045995,104.12012293500234,286.17215901578254,143.87549701533058,18.891709678056717,1.8357014555650535
6,up,6.bmp,./image\up\6.bmp,20048.5,1917.4082844257355,2.1597079069466383,293.2560119628906,135.7850341796875,2280.057373046875,1532.4747314453125,131.12692260742188,2292,1543,181.24568960391858,204.44395478041653,28.160255680657446,186.1155035662854,84.33891411179009,32.95622582580386,6.436223152917307
7,up,7.bmp,./image\up\7.bmp,42987.0,3180.601277947426,1.4120678972521419,296.736083984375,210.14292907714844,2009.1832275390625,1506.7047119140625,81.22858428955078,2003,1504,187.3606148580859,343.8865817669107,46.61544808322666,35.39479584498706,118.42577622246048,25.06222244311785,4.0192816450798565
8,up,8.bmp,./image\up\8.bmp,115395.5,2768.7362731695175,1.1277593140423094,416.3667907714844,369.1982727050781,2192.117431640625,1356.524658203125,136.0207061767578,2191,1358,240.50363822611914,29.656233952236136,154.8709139896837,121.53479190518829,190.2087256270535,19.895410576285098,1.5529296756274045
9,up,9.bmp,./image\up\9.bmp,62140.5,1630.839742898941,1.1017649958209563,300.62640380859375,272.8589172363281,2193.677001953125,1454.7633056640625,49.73259353637695,2194,1454,173.25414857947845,158.32141086038567,113.21660655575224,273.54476645559487,140.7224644079652,12.140346409759873,1.5302891850424911
1,vertical,1.bmp,./image\vertical\1.bmp,553.5,94.18376541137695,1.1005582836228145,28.0379695892334,25.476133346557617,2120.763671875,1523.8475341796875,76.8370132446289,2120,1523,15.264337522473747,58.3924977537511,10.770329614269007,248.19859051364818,13.3496607582595,1.0234389110268378,1.4172581591422124
10,vertical,10.bmp,./image\vertical\10.bmp,40412.5,2638.9961591959,4.459555974192856,649.0243530273438,145.53564453125,2094.168212890625,1380.4107666015625,84.88236236572266,2158,1364,413.0193700058146,180.55490545371015,29.5296461204668,118.30075576600638,174.02193076748094,110.80828464194998,13.986600730699365
11,vertical,11.bmp,./image\vertical\11.bmp,5262.5,655.8305149078369,1.6172486223166451,138.57278442382812,85.68428039550781,2149.459716796875,1435.4320068359375,36.9432373046875,2151,1450,94.89467845985885,298.9959595141184,11.0,180.0,49.16744691969779,21.28200059997449,8.626788950896259
12,vertical,12.bmp,./image\vertical\12.bmp,45919.5,1268.6488375663757,4.0471508131943965,557.6863403320312,137.79727172851562,2016.633544921875,1497.815185546875,84.3274917602539,1996,1502,275.230812228573,174.57940471623766,36.124783736376884,274.76364169072616,130.35286114233514,74.84454455358015,7.618891624018816
13,vertical,13.bmp,./image\vertical\13.bmp,110284.5,1922.5453662872314,2.1098651171722453,638.4052124023438,302.5810546875,1953.261474609375,1517.403564453125,85.42710876464844,1960,1515,398.72296146572745,176.54915680624885,77.10382610480494,123.89616656336392,187.4320868961672,75.90876247906071,5.171247415449335
2,vertical,2.bmp,./image\vertical\2.bmp,6471.0,396.24978053569794,1.0813909961624888,95.19219970703125,88.02754974365234,2008.953857421875,1457.127197265625,99.1533432006836,2009,1456,54.67174773134658,50.19442890773481,35.34119409414458,64.88516511385544,45.17699335859467,3.8773818138459344,1.5469694539948986
3,vertical,3.bmp,./image\vertical\3.bmp,3093.0,250.16652047634125,1.4791747798520503,77.7060317993164,52.53336715698242,2007.009765625,1520.0087890625,1.963521957397461,2007,1519,42.1070065428546,274.0856167799749,21.02379604162864,205.34617594194668,31.573280353608254,5.717279925484968,2.0028260576481847
4,vertical,4.bmp,./image\vertical\4.bmp,7854.0,406.73506128787994,1.088344798444337,105.83699798583984,97.24583435058594,1993.49462890625,1445.626220703125,64.33039093017578,1993,1446,58.83026432033091,301.7989128242944,37.0,288.92464441605125,49.91890138495487,4.622352394831956,1.5900071437927275
5,vertical,5.bmp,./image\vertical\5.bmp,783.5,112.66904664039612,1.1643340368269213,34.409156799316406,29.552650451660156,2135.31298828125,1466.3045654296875,3.90775728225708,2135,1466,17.72004514666935,253.6104596659652,13.038404810405298,175.6012946450045,15.975316819310335,1.0297761714753133,1.3590654228290158
6,vertical,6.bmp,./image\vertical\6.bmp,902.0,122.56854140758514,1.2689412465847982,38.499488830566406,30.33985137939453,2019.9884033203125,1554.75537109375,60.922725677490234,2019,1554,21.095023109728988,354.5596679689945,12.649110640673518,251.56505117707798,16.970046765082696,1.9515526042169142,1.6677080080157918
7,vertical,7.bmp,./image\vertical\7.bmp,5635.5,901.1686081886292,1.7834611918641758,515.910888671875,289.27508544921875,1934.20556640625,1556.6915283203125,47.921512603759766,2119,1409,126.25371281669304,86.3670492605118,1.4142135623730951,315.0,64.00263736968701,33.29961392657004,89.27485648266257
8,vertical,8.bmp,./image\vertical\8.bmp,18824.0,1433.8031651973724,1.4645131141307275,194.5791015625,132.86265563964844,1337.81787109375,1503.5196533203125,87.28083801269531,1335,1503,118.12705024675762,346.7872531216648,49.03060268852505,101.76828893202065,79.05000057712095,15.3578410518227,2.409251442352832
9,vertical,9.bmp,./image\vertical\9.bmp,101795.0,2785.4053193330765,7.119393924724676,1122.0465087890625,157.60421752929688,1845.4927978515625,1130.967529296875,94.29524993896484,1749,1122,480.9365862564419,183.57633437499734,47.29693436154187,76.55138494831348,212.51738977340966,112.65712975735943,10.168451565594523
